Shipping_Company,Solution
China_Ocean_Shipping_Company,Exhaust_gas_cleaning_systems
China_Ocean_Shipping_Company,Hybrid_fuel
China_Ocean_Shipping_Company,LNG
China_Ocean_Shipping_Company,Low_sulphur_fuel
China_Ocean_Shipping_Company,LPG
China_Ocean_Shipping_Company,Methanol
China_Ocean_Shipping_Company,Scrubbers
CMA_CGM,Compliant_fuel
CMA_CGM,Exhaust_gas_cleaning_systems
CMA_CGM,Hybrid_fuel
CMA_CGM,LNG
CMA_CGM,Low_sulphur_fuel
CMA_CGM,LPG
CMA_CGM,Marine_Gas_Oil
CMA_CGM,Methanol
CMA_CGM,Scrubbers
Evergreen_Marine_Corp,Exhaust_gas_cleaning_systems
Evergreen_Marine_Corp,Low_sulphur_fuel
Evergreen_Marine_Corp,Scrubbers
Grimaldi_Group,Batteries
Grimaldi_Group,Scrubbers
Hapag_LLoyd,Compliant_fuel
Hapag_LLoyd,Exhaust_gas_cleaning_systems
Hapag_LLoyd,Hybrid_fuel
Hapag_LLoyd,LNG
Hapag_LLoyd,Low_sulphur_fuel
Hapag_LLoyd,LPG
Hapag_LLoyd,Marine_Gas_Oil
Hapag_LLoyd,Scrubbers
"Hyundai_Merchant_Marine_Co.,_Ltd.",LNG
"Hyundai_Merchant_Marine_Co.,_Ltd.",LPG
"Hyundai_Merchant_Marine_Co.,_Ltd.",Scrubbers
Maersk,Distillate
Maersk,LNG
Maersk,Low_sulphur_fuel
Maersk,Methanol
Maersk,Scrubbers
Mediterranean_Shipping_Company,Closed-loop_scrubbers
Mediterranean_Shipping_Company,Compliant_fuel
Mediterranean_Shipping_Company,Exhaust_gas_cleaning_systems
Mediterranean_Shipping_Company,Hybrid_fuel
Mediterranean_Shipping_Company,LNG
Mediterranean_Shipping_Company,Low_sulphur_fuel
Mediterranean_Shipping_Company,LPG
Mediterranean_Shipping_Company,Marine_Gas_Oil
Mediterranean_Shipping_Company,Methanol
Mediterranean_Shipping_Company,Scrubbers
Norden,Scrubbers
Ocean_Network_Express,Alternate_Fuel
Ocean_Network_Express,Closed-loop_scrubbers
Ocean_Network_Express,Compliant_fuel
Ocean_Network_Express,Exhaust_gas_cleaning_systems
Ocean_Network_Express,Hybrid_fuel
Ocean_Network_Express,LNG
Ocean_Network_Express,Low_sulphur_fuel
Ocean_Network_Express,LPG
Ocean_Network_Express,Marine_Gas_Oil
Ocean_Network_Express,Scrubbers
Ocean_Network_Express,VLSFO
Pacific_International_Line,Closed-loop_scrubbers
Pacific_International_Line,Compliant_fuel
Pacific_International_Line,LNG
Pacific_International_Line,Low_sulphur_fuel
Pacific_International_Line,Marine_Gas_Oil
Pacific_International_Line,Scrubbers
Teekay_Tankers,Distillate
Yang_Ming_Marine_Transport,Compliant_fuel
Yang_Ming_Marine_Transport,LNG
Yang_Ming_Marine_Transport,Low_sulphur_fuel
Yang_Ming_Marine_Transport,Methanol
Yang_Ming_Marine_Transport,Scrubbers
